,vertices,delta,runtime,deltafactor,seed,attempt
0,10000000,0,0,50,100,0
1,10000000,0,0,50,200,0
2,10000000,0,0,50,201,0
3,10000000,0,0,50,101,0
4,10000000,0,0,50,202,0
5,10000000,0,0,50,102,0
6,10000000,0,0,50,203,0
7,10000000,0,0,50,103,0
8,10000000,0,0,50,204,0
9,10000000,0,0,50,104,0
10,10000000,0,0,50,205,0
11,10000000,0,0,50,105,0
12,10000000,0,0,50,206,0
13,10000000,0,0,50,106,0
14,10000000,0,0,50,207,0
15,10000000,0,0,50,107,0
16,10000000,0,0,50,208,0
17,10000000,0,0,50,108,0
18,10000000,0,0,50,209,0
19,10000000,0,0,50,109,0
20,10000000,0,0,50,210,0
21,10000000,0,0,50,110,0
22,10000000,0,0,50,211,0
23,10000000,0,0,50,111,0
24,10000000,0,0,50,212,0
25,10000000,0,0,50,112,0
26,10000000,0,0,50,213,0
27,10000000,0,0,50,113,0
28,10000000,0,0,50,214,0
29,10000000,0,0,50,114,0
30,10000000,0,0,50,215,0
31,10000000,0,0,50,115,0
32,10000000,0,0,50,216,0
33,10000000,0,0,50,116,0
34,10000000,0,0,50,217,0
35,10000000,0,0,50,117,0
36,10000000,0,0,50,218,0
37,10000000,0,0,50,118,0
38,10000000,0,0,50,219,0
39,10000000,0,0,50,119,0
40,10000000,0,0,50,220,0
41,10000000,0,0,50,120,0
42,10000000,0,0,50,221,0
43,10000000,0,0,50,121,0
44,10000000,0,0,50,222,0
45,10000000,0,0,50,122,0
46,10000000,0,0,50,223,0
47,10000000,0,0,50,123,0
48,10000000,0,0,50,224,0
49,10000000,0,0,50,124,0
50,10000000,0,0,50,225,0
51,10000000,0,0,50,125,0
52,10000000,0,0,50,226,0
53,10000000,0,0,50,126,0
54,10000000,0,0,50,227,0
55,10000000,0,0,50,127,0
56,10000000,0,0,50,228,0
57,10000000,0,0,50,128,0
58,10000000,0,0,50,229,0
59,10000000,0,0,50,129,0
60,10000000,0,0,50,230,0
61,10000000,0,0,50,130,0
62,10000000,0,0,50,231,0
63,10000000,0,0,50,131,0
64,10000000,0,0,50,232,0
65,10000000,0,0,50,132,0
66,10000000,0,0,50,233,0
67,10000000,0,0,50,133,0
68,10000000,0,0,50,234,0
69,10000000,0,0,50,134,0
70,10000000,0,0,50,235,0
71,10000000,0,0,50,135,0
72,10000000,0,0,50,236,0
73,10000000,0,0,50,136,0
74,10000000,0,0,50,237,0
75,10000000,0,0,50,137,0
76,10000000,0,0,50,238,0
77,10000000,0,0,50,138,0
78,10000000,0,0,50,239,0
79,10000000,0,0,50,139,0
80,10000000,0,0,50,240,0
81,10000000,0,0,50,140,0
82,10000000,0,0,50,241,0
83,10000000,0,0,50,141,0
84,10000000,0,0,50,242,0
85,10000000,0,0,50,142,0
86,10000000,0,0,50,243,0
87,10000000,0,0,50,143,0
88,10000000,0,0,50,244,0
89,10000000,0,0,50,144,0
90,10000000,0,0,50,245,0
91,10000000,0,0,50,145,0
92,10000000,0,0,50,246,0
93,10000000,0,0,50,146,0
94,10000000,0,0,50,247,0
95,10000000,0,0,50,147,0
96,10000000,0,0,50,248,0
97,10000000,0,0,50,148,0
98,10000000,0,0,50,249,0
99,10000000,0,0,50,149,0
100,10000000,0,0,50,250,0
101,10000000,0,0,50,150,0
102,10000000,0,0,50,251,0
103,10000000,0,0,50,151,0
104,10000000,0,0,50,252,0
105,10000000,0,0,50,152,0
106,10000000,0,0,50,253,0
107,10000000,0,0,50,153,0
108,10000000,0,0,50,254,0
109,10000000,0,0,50,154,0
110,10000000,0,0,50,255,0
111,10000000,0,0,50,155,0
112,10000000,0,0,50,256,0
113,10000000,0,0,50,156,0
114,10000000,0,0,50,257,0
115,10000000,0,0,50,157,0
116,10000000,0,0,50,258,0
117,10000000,0,0,50,158,0
118,10000000,0,0,50,259,0
119,10000000,0,0,50,159,0
120,10000000,0,0,50,260,0
121,10000000,0,0,50,160,0
122,10000000,0,0,50,261,0
123,10000000,0,0,50,161,0
124,10000000,0,0,50,262,0
125,10000000,0,0,50,162,0
126,10000000,0,0,50,263,0
127,10000000,0,0,50,163,0
128,10000000,0,0,50,264,0
129,10000000,0,0,50,164,0
130,10000000,0,0,50,265,0
131,10000000,0,0,50,165,0
132,10000000,0,0,50,266,0
133,10000000,0,0,50,166,0
134,10000000,0,0,50,267,0
135,10000000,0,0,50,167,0
136,10000000,0,0,50,268,0
137,10000000,0,0,50,168,0
138,10000000,0,0,50,269,0
139,10000000,0,0,50,169,0
140,10000000,0,0,50,270,0
141,10000000,0,0,50,170,0
142,10000000,0,0,50,271,0
143,10000000,0,0,50,171,0
144,10000000,0,0,50,272,0
145,10000000,0,0,50,172,0
146,10000000,0,0,50,273,0
147,10000000,0,0,50,173,0
148,10000000,0,0,50,274,0
149,10000000,0,0,50,174,0
150,10000000,0,0,50,275,0
151,10000000,0,0,50,175,0
152,10000000,0,0,50,276,0
153,10000000,0,0,50,176,0
154,10000000,0,0,50,277,0
155,10000000,0,0,50,177,0
156,10000000,0,0,50,278,0
157,10000000,0,0,50,178,0
158,10000000,0,0,50,279,0
159,10000000,0,0,50,179,0
160,10000000,0,0,50,280,0
161,10000000,0,0,50,180,0
162,10000000,0,0,50,281,0
163,10000000,0,0,50,181,0
164,10000000,0,0,50,282,0
165,10000000,0,0,50,182,0
166,10000000,0,0,50,283,0
167,10000000,0,0,50,183,0
168,10000000,0,0,50,284,0
169,10000000,0,0,50,184,0
170,10000000,0,0,50,285,0
171,10000000,0,0,50,185,0
172,10000000,0,0,50,286,0
173,10000000,0,0,50,186,0
174,10000000,0,0,50,287,0
175,10000000,0,0,50,187,0
176,10000000,0,0,50,288,0
177,10000000,0,0,50,188,0
178,10000000,0,0,50,289,0
179,10000000,0,0,50,189,0
180,10000000,0,0,50,290,0
181,10000000,0,0,50,190,0
182,10000000,0,0,50,291,0
183,10000000,0,0,50,191,0
184,10000000,0,0,50,292,0
185,10000000,0,0,50,192,0
186,10000000,0,0,50,293,0
187,10000000,0,0,50,193,0
188,10000000,0,0,50,294,0
189,10000000,0,0,50,194,0
190,10000000,0,0,50,295,0
191,10000000,0,0,50,195,0
192,10000000,0,0,50,296,0
193,10000000,0,0,50,196,0
194,10000000,0,0,50,297,0
195,10000000,0,0,50,197,0
196,10000000,0,0,50,298,0
197,10000000,0,0,50,198,0
198,10000000,0,0,50,299,0
199,10000000,0,0,50,199,0
200,10000000,0,0,100,200,0
201,10000000,0,0,100,100,0
202,10000000,0,0,100,201,0
203,10000000,0,0,100,101,0
204,10000000,0,0,100,202,0
205,10000000,0,0,100,102,0
206,10000000,0,0,100,203,0
207,10000000,0,0,100,103,0
208,10000000,0,0,100,204,0
209,10000000,0,0,100,104,0
210,10000000,0,0,100,205,0
211,10000000,0,0,100,105,0
212,10000000,0,0,100,206,0
213,10000000,0,0,100,106,0
214,10000000,0,0,100,207,0
215,10000000,0,0,100,107,0
216,10000000,0,0,100,208,0
217,10000000,0,0,100,108,0
218,10000000,0,0,100,209,0
219,10000000,0,0,100,109,0
220,10000000,0,0,100,210,0
221,10000000,0,0,100,110,0
222,10000000,0,0,100,211,0
223,10000000,0,0,100,111,0
224,10000000,0,0,100,212,0
225,10000000,0,0,100,112,0
226,10000000,0,0,100,213,0
227,10000000,0,0,100,113,0
228,10000000,0,0,100,214,0
229,10000000,0,0,100,114,0
230,10000000,0,0,100,215,0
231,10000000,0,0,100,115,0
232,10000000,0,0,100,216,0
233,10000000,0,0,100,116,0
234,10000000,0,0,100,217,0
235,10000000,0,0,100,117,0
236,10000000,0,0,100,218,0
237,10000000,0,0,100,118,0
238,10000000,0,0,100,219,0
239,10000000,0,0,100,119,0
240,10000000,0,0,100,220,0
241,10000000,0,0,100,120,0
242,10000000,0,0,100,221,0
243,10000000,0,0,100,121,0
244,10000000,0,0,100,222,0
245,10000000,0,0,100,122,0
246,10000000,0,0,100,223,0
247,10000000,0,0,100,123,0
248,10000000,0,0,100,224,0
249,10000000,0,0,100,124,0
250,10000000,0,0,100,225,0
251,10000000,0,0,100,125,0
252,10000000,0,0,100,226,0
253,10000000,0,0,100,126,0
254,10000000,0,0,100,227,0
255,10000000,0,0,100,127,0
256,10000000,0,0,100,228,0
257,10000000,0,0,100,128,0
258,10000000,0,0,100,229,0
259,10000000,0,0,100,129,0
260,10000000,0,0,100,230,0
261,10000000,0,0,100,130,0
262,10000000,0,0,100,231,0
263,10000000,0,0,100,131,0
264,10000000,0,0,100,232,0
265,10000000,0,0,100,132,0
266,10000000,0,0,100,233,0
267,10000000,0,0,100,133,0
268,10000000,0,0,100,234,0
269,10000000,0,0,100,134,0
270,10000000,0,0,100,235,0
271,10000000,0,0,100,135,0
272,10000000,0,0,100,236,0
273,10000000,0,0,100,136,0
274,10000000,0,0,100,237,0
275,10000000,0,0,100,137,0
276,10000000,0,0,100,238,0
277,10000000,0,0,100,138,0
278,10000000,0,0,100,239,0
279,10000000,0,0,100,139,0
280,10000000,0,0,100,240,0
281,10000000,0,0,100,140,0
282,10000000,0,0,100,241,0
283,10000000,0,0,100,141,0
284,10000000,0,0,100,242,0
285,10000000,0,0,100,142,0
286,10000000,0,0,100,243,0
287,10000000,0,0,100,143,0
288,10000000,0,0,100,244,0
289,10000000,0,0,100,144,0
290,10000000,0,0,100,245,0
291,10000000,0,0,100,145,0
292,10000000,0,0,100,246,0
293,10000000,0,0,100,146,0
294,10000000,0,0,100,247,0
295,10000000,0,0,100,147,0
296,10000000,0,0,100,248,0
297,10000000,0,0,100,148,0
298,10000000,0,0,100,249,0
299,10000000,0,0,100,149,0
300,10000000,0,0,100,250,0
301,10000000,0,0,100,150,0
302,10000000,0,0,100,251,0
303,10000000,0,0,100,151,0
304,10000000,0,0,100,252,0
305,10000000,0,0,100,152,0
306,10000000,0,0,100,253,0
307,10000000,0,0,100,153,0
308,10000000,0,0,100,254,0
309,10000000,0,0,100,154,0
310,10000000,0,0,100,255,0
311,10000000,0,0,100,155,0
312,10000000,0,0,100,256,0
313,10000000,0,0,100,156,0
314,10000000,0,0,100,257,0
315,10000000,0,0,100,157,0
316,10000000,0,0,100,258,0
317,10000000,0,0,100,158,0
318,10000000,0,0,100,259,0
319,10000000,0,0,100,159,0
320,10000000,0,0,100,260,0
321,10000000,0,0,100,160,0
322,10000000,0,0,100,261,0
323,10000000,0,0,100,161,0
324,10000000,0,0,100,262,0
325,10000000,0,0,100,162,0
326,10000000,0,0,100,263,0
327,10000000,0,0,100,163,0
328,10000000,0,0,100,264,0
329,10000000,0,0,100,164,0
330,10000000,0,0,100,265,0
331,10000000,0,0,100,165,0
332,10000000,0,0,100,266,0
333,10000000,0,0,100,166,0
334,10000000,0,0,100,267,0
335,10000000,0,0,100,167,0
336,10000000,0,0,100,268,0
337,10000000,0,0,100,168,0
338,10000000,0,0,100,269,0
339,10000000,0,0,100,169,0
340,10000000,0,0,100,270,0
341,10000000,0,0,100,170,0
342,10000000,0,0,100,271,0
343,10000000,0,0,100,171,0
344,10000000,0,0,100,272,0
345,10000000,0,0,100,172,0
346,10000000,0,0,100,273,0
347,10000000,0,0,100,173,0
348,10000000,0,0,100,274,0
349,10000000,0,0,100,174,0
350,10000000,0,0,100,275,0
351,10000000,0,0,100,175,0
352,10000000,0,0,100,276,0
353,10000000,0,0,100,176,0
354,10000000,0,0,100,277,0
355,10000000,0,0,100,177,0
356,10000000,0,0,100,278,0
357,10000000,0,0,100,178,0
358,10000000,0,0,100,279,0
359,10000000,0,0,100,179,0
360,10000000,0,0,100,280,0
361,10000000,0,0,100,180,0
362,10000000,0,0,100,281,0
363,10000000,0,0,100,181,0
364,10000000,0,0,100,282,0
365,10000000,0,0,100,182,0
366,10000000,0,0,100,283,0
367,10000000,0,0,100,183,0
368,10000000,0,0,100,284,0
369,10000000,0,0,100,184,0
370,10000000,0,0,100,285,0
371,10000000,0,0,100,185,0
372,10000000,0,0,100,286,0
373,10000000,0,0,100,186,0
374,10000000,0,0,100,287,0
375,10000000,0,0,100,187,0
376,10000000,0,0,100,288,0
377,10000000,0,0,100,188,0
378,10000000,0,0,100,289,0
379,10000000,0,0,100,189,0
380,10000000,0,0,100,290,0
381,10000000,0,0,100,190,0
382,10000000,0,0,100,291,0
383,10000000,0,0,100,191,0
384,10000000,0,0,100,292,0
385,10000000,0,0,100,192,0
386,10000000,0,0,100,293,0
387,10000000,0,0,100,193,0
388,10000000,0,0,100,294,0
389,10000000,0,0,100,194,0
390,10000000,0,0,100,295,0
391,10000000,0,0,100,195,0
392,10000000,0,0,100,296,0
393,10000000,0,0,100,196,0
394,10000000,0,0,100,297,0
395,10000000,0,0,100,197,0
396,10000000,0,0,100,298,0
397,10000000,0,0,100,198,0
398,10000000,0,0,100,299,0
399,10000000,0,0,100,199,0
400,10000000,0,0,111,200,0
401,10000000,0,0,111,100,0
402,10000000,0,0,111,201,0
403,10000000,0,0,111,101,0
404,10000000,0,0,111,202,0
405,10000000,0,0,111,102,0
406,10000000,0,0,111,203,0
407,10000000,0,0,111,103,0
408,10000000,0,0,111,204,0
409,10000000,0,0,111,104,0
410,10000000,0,0,111,205,0
411,10000000,0,0,111,105,0
412,10000000,0,0,111,206,0
413,10000000,0,0,111,106,0
414,10000000,0,0,111,207,0
415,10000000,0,0,111,107,0
416,10000000,0,0,111,208,0
417,10000000,0,0,111,108,0
418,10000000,0,0,111,209,0
419,10000000,0,0,111,109,0
420,10000000,0,0,111,210,0
421,10000000,0,0,111,110,0
422,10000000,0,0,111,211,0
423,10000000,0,0,111,111,0
424,10000000,0,0,111,212,0
425,10000000,0,0,111,112,0
426,10000000,0,0,111,213,0
427,10000000,0,0,111,113,0
428,10000000,0,0,111,214,0
429,10000000,0,0,111,114,0
430,10000000,0,0,111,215,0
431,10000000,0,0,111,115,0
432,10000000,0,0,111,216,0
433,10000000,0,0,111,116,0
434,10000000,0,0,111,217,0
435,10000000,0,0,111,117,0
436,10000000,0,0,111,218,0
437,10000000,0,0,111,118,0
438,10000000,0,0,111,219,0
439,10000000,0,0,111,119,0
440,10000000,0,0,111,220,0
441,10000000,0,0,111,120,0
442,10000000,0,0,111,221,0
443,10000000,0,0,111,121,0
444,10000000,0,0,111,222,0
445,10000000,0,0,111,122,0
446,10000000,0,0,111,223,0
447,10000000,0,0,111,123,0
448,10000000,0,0,111,224,0
449,10000000,0,0,111,124,0
450,10000000,0,0,111,225,0
451,10000000,0,0,111,125,0
452,10000000,0,0,111,226,0
453,10000000,0,0,111,126,0
454,10000000,0,0,111,227,0
455,10000000,0,0,111,127,0
456,10000000,0,0,111,228,0
457,10000000,0,0,111,128,0
458,10000000,0,0,111,229,0
459,10000000,0,0,111,129,0
460,10000000,0,0,111,230,0
461,10000000,0,0,111,130,0
462,10000000,0,0,111,231,0
463,10000000,0,0,111,131,0
464,10000000,0,0,111,232,0
465,10000000,0,0,111,132,0
466,10000000,0,0,111,233,0
467,10000000,0,0,111,133,0
468,10000000,0,0,111,234,0
469,10000000,0,0,111,134,0
470,10000000,0,0,111,235,0
471,10000000,0,0,111,135,0
472,10000000,0,0,111,236,0
473,10000000,0,0,111,136,0
474,10000000,0,0,111,237,0
475,10000000,0,0,111,137,0
476,10000000,0,0,111,238,0
477,10000000,0,0,111,138,0
478,10000000,0,0,111,239,0
479,10000000,0,0,111,139,0
480,10000000,0,0,111,240,0
481,10000000,0,0,111,140,0
482,10000000,0,0,111,241,0
483,10000000,0,0,111,141,0
484,10000000,0,0,111,242,0
485,10000000,0,0,111,142,0
486,10000000,0,0,111,243,0
487,10000000,0,0,111,143,0
488,10000000,0,0,111,244,0
489,10000000,0,0,111,144,0
490,10000000,0,0,111,245,0
491,10000000,0,0,111,145,0
492,10000000,0,0,111,246,0
493,10000000,0,0,111,146,0
494,10000000,0,0,111,247,0
495,10000000,0,0,111,147,0
496,10000000,0,0,111,248,0
497,10000000,0,0,111,148,0
498,10000000,0,0,111,249,0
499,10000000,0,0,111,149,0
500,10000000,0,0,111,250,0
501,10000000,0,0,111,150,0
502,10000000,0,0,111,251,0
503,10000000,0,0,111,151,0
504,10000000,0,0,111,252,0
505,10000000,0,0,111,152,0
506,10000000,0,0,111,253,0
507,10000000,0,0,111,153,0
508,10000000,0,0,111,254,0
509,10000000,0,0,111,154,0
510,10000000,0,0,111,255,0
511,10000000,0,0,111,155,0
512,10000000,0,0,111,256,0
513,10000000,0,0,111,156,0
514,10000000,0,0,111,257,0
515,10000000,0,0,111,157,0
516,10000000,0,0,111,258,0
517,10000000,0,0,111,158,0
518,10000000,0,0,111,259,0
519,10000000,0,0,111,159,0
520,10000000,0,0,111,260,0
521,10000000,0,0,111,160,0
522,10000000,0,0,111,261,0
523,10000000,0,0,111,161,0
524,10000000,0,0,111,262,0
525,10000000,0,0,111,162,0
526,10000000,0,0,111,263,0
527,10000000,0,0,111,163,0
528,10000000,0,0,111,264,0
529,10000000,0,0,111,164,0
530,10000000,0,0,111,265,0
531,10000000,0,0,111,165,0
532,10000000,0,0,111,266,0
533,10000000,0,0,111,166,0
534,10000000,0,0,111,267,0
535,10000000,0,0,111,167,0
536,10000000,0,0,111,268,0
537,10000000,0,0,111,168,0
538,10000000,0,0,111,269,0
539,10000000,0,0,111,169,0
540,10000000,0,0,111,270,0
541,10000000,0,0,111,170,0
542,10000000,0,0,111,271,0
543,10000000,0,0,111,171,0
544,10000000,0,0,111,272,0
545,10000000,0,0,111,172,0
546,10000000,0,0,111,273,0
547,10000000,0,0,111,173,0
548,10000000,0,0,111,274,0
549,10000000,0,0,111,174,0
550,10000000,0,0,111,275,0
551,10000000,0,0,111,175,0
552,10000000,0,0,111,276,0
553,10000000,0,0,111,176,0
554,10000000,0,0,111,277,0
555,10000000,0,0,111,177,0
556,10000000,0,0,111,278,0
557,10000000,0,0,111,178,0
558,10000000,0,0,111,279,0
559,10000000,0,0,111,179,0
560,10000000,0,0,111,280,0
561,10000000,0,0,111,180,0
562,10000000,0,0,111,281,0
563,10000000,0,0,111,181,0
564,10000000,0,0,111,282,0
565,10000000,0,0,111,182,0
566,10000000,0,0,111,283,0
567,10000000,0,0,111,183,0
568,10000000,0,0,111,284,0
569,10000000,0,0,111,184,0
570,10000000,0,0,111,285,0
571,10000000,0,0,111,185,0
572,10000000,0,0,111,286,0
573,10000000,0,0,111,186,0
574,10000000,0,0,111,287,0
575,10000000,0,0,111,187,0
576,10000000,0,0,111,288,0
577,10000000,0,0,111,188,0
578,10000000,0,0,111,289,0
579,10000000,0,0,111,189,0
580,10000000,0,0,111,290,0
581,10000000,0,0,111,190,0
582,10000000,0,0,111,291,0
583,10000000,0,0,111,191,0
584,10000000,0,0,111,292,0
585,10000000,0,0,111,192,0
586,10000000,0,0,111,293,0
587,10000000,0,0,111,193,0
588,10000000,0,0,111,294,0
589,10000000,0,0,111,194,0
590,10000000,0,0,111,295,0
591,10000000,0,0,111,195,0
592,10000000,0,0,111,296,0
593,10000000,0,0,111,196,0
594,10000000,0,0,111,297,0
595,10000000,0,0,111,197,0
596,10000000,0,0,111,298,0
597,10000000,0,0,111,198,0
598,10000000,0,0,111,299,0
599,10000000,0,0,111,199,0
600,10000000,0,0,133,200,0
601,10000000,0,0,133,100,0
602,10000000,0,0,133,201,0
603,10000000,0,0,133,101,0
604,10000000,0,0,133,202,0
605,10000000,0,0,133,102,0
606,10000000,0,0,133,203,0
607,10000000,0,0,133,103,0
608,10000000,0,0,133,204,0
609,10000000,0,0,133,104,0
610,10000000,0,0,133,205,0
611,10000000,0,0,133,105,0
612,10000000,0,0,133,206,0
613,10000000,0,0,133,106,0
614,10000000,0,0,133,207,0
615,10000000,0,0,133,107,0
616,10000000,0,0,133,208,0
617,10000000,0,0,133,108,0
618,10000000,0,0,133,209,0
619,10000000,0,0,133,109,0
620,10000000,0,0,133,210,0
621,10000000,0,0,133,110,0
622,10000000,0,0,133,211,0
623,10000000,0,0,133,111,0
624,10000000,0,0,133,212,0
625,10000000,0,0,133,112,0
626,10000000,0,0,133,213,0
627,10000000,0,0,133,113,0
628,10000000,0,0,133,214,0
629,10000000,0,0,133,114,0
630,10000000,0,0,133,215,0
631,10000000,0,0,133,115,0
632,10000000,0,0,133,216,0
633,10000000,0,0,133,116,0
634,10000000,0,0,133,217,0
635,10000000,0,0,133,117,0
636,10000000,0,0,133,218,0
637,10000000,0,0,133,118,0
638,10000000,0,0,133,219,0
639,10000000,0,0,133,119,0
640,10000000,0,0,133,220,0
641,10000000,0,0,133,120,0
642,10000000,0,0,133,221,0
643,10000000,0,0,133,121,0
644,10000000,0,0,133,222,0
645,10000000,0,0,133,122,0
646,10000000,0,0,133,223,0
647,10000000,0,0,133,123,0
648,10000000,0,0,133,224,0
649,10000000,0,0,133,124,0
650,10000000,0,0,133,225,0
651,10000000,0,0,133,125,0
652,10000000,0,0,133,226,0
653,10000000,0,0,133,126,0
654,10000000,0,0,133,227,0
655,10000000,0,0,133,127,0
656,10000000,0,0,133,228,0
657,10000000,0,0,133,128,0
658,10000000,0,0,133,229,0
659,10000000,0,0,133,129,0
660,10000000,0,0,133,230,0
661,10000000,0,0,133,130,0
662,10000000,0,0,133,231,0
663,10000000,0,0,133,131,0
664,10000000,0,0,133,232,0
665,10000000,0,0,133,132,0
666,10000000,0,0,133,233,0
667,10000000,0,0,133,133,0
668,10000000,0,0,133,234,0
669,10000000,0,0,133,134,0
670,10000000,0,0,133,235,0
671,10000000,0,0,133,135,0
672,10000000,0,0,133,236,0
673,10000000,0,0,133,136,0
674,10000000,0,0,133,237,0
675,10000000,0,0,133,137,0
676,10000000,0,0,133,238,0
677,10000000,0,0,133,138,0
678,10000000,0,0,133,239,0
679,10000000,0,0,133,139,0
680,10000000,0,0,133,240,0
681,10000000,0,0,133,140,0
682,10000000,0,0,133,241,0
683,10000000,0,0,133,141,0
684,10000000,0,0,133,242,0
685,10000000,0,0,133,142,0
686,10000000,0,0,133,243,0
687,10000000,0,0,133,143,0
688,10000000,0,0,133,244,0
689,10000000,0,0,133,144,0
690,10000000,0,0,133,245,0
691,10000000,0,0,133,145,0
692,10000000,0,0,133,246,0
693,10000000,0,0,133,146,0
694,10000000,0,0,133,247,0
695,10000000,0,0,133,147,0
696,10000000,0,0,133,248,0
697,10000000,0,0,133,148,0
698,10000000,0,0,133,249,0
699,10000000,0,0,133,149,0
700,10000000,0,0,133,250,0
701,10000000,0,0,133,150,0
702,10000000,0,0,133,251,0
703,10000000,0,0,133,151,0
704,10000000,0,0,133,252,0
705,10000000,0,0,133,152,0
706,10000000,0,0,133,253,0
707,10000000,0,0,133,153,0
708,10000000,0,0,133,254,0
709,10000000,0,0,133,154,0
710,10000000,0,0,133,255,0
711,10000000,0,0,133,155,0
712,10000000,0,0,133,256,0
713,10000000,0,0,133,156,0
714,10000000,0,0,133,257,0
715,10000000,0,0,133,157,0
716,10000000,0,0,133,258,0
717,10000000,0,0,133,158,0
718,10000000,0,0,133,259,0
719,10000000,0,0,133,159,0
720,10000000,0,0,133,260,0
721,10000000,0,0,133,160,0
722,10000000,0,0,133,261,0
723,10000000,0,0,133,161,0
724,10000000,0,0,133,262,0
725,10000000,0,0,133,162,0
726,10000000,0,0,133,263,0
727,10000000,0,0,133,163,0
728,10000000,0,0,133,264,0
729,10000000,0,0,133,164,0
730,10000000,0,0,133,265,0
731,10000000,0,0,133,165,0
732,10000000,0,0,133,266,0
733,10000000,0,0,133,166,0
734,10000000,0,0,133,267,0
735,10000000,0,0,133,167,0
736,10000000,0,0,133,268,0
737,10000000,0,0,133,168,0
738,10000000,0,0,133,269,0
739,10000000,0,0,133,169,0
740,10000000,0,0,133,270,0
741,10000000,0,0,133,170,0
742,10000000,0,0,133,271,0
743,10000000,0,0,133,171,0
744,10000000,0,0,133,272,0
745,10000000,0,0,133,172,0
746,10000000,0,0,133,273,0
747,10000000,0,0,133,173,0
748,10000000,0,0,133,274,0
749,10000000,0,0,133,174,0
750,10000000,0,0,133,275,0
751,10000000,0,0,133,175,0
752,10000000,0,0,133,276,0
753,10000000,0,0,133,176,0
754,10000000,0,0,133,277,0
755,10000000,0,0,133,177,0
756,10000000,0,0,133,278,0
757,10000000,0,0,133,178,0
758,10000000,0,0,133,279,0
759,10000000,0,0,133,179,0
760,10000000,0,0,133,280,0
761,10000000,0,0,133,180,0
762,10000000,0,0,133,281,0
763,10000000,0,0,133,181,0
764,10000000,0,0,133,282,0
765,10000000,0,0,133,182,0
766,10000000,0,0,133,283,0
767,10000000,0,0,133,183,0
768,10000000,0,0,133,284,0
769,10000000,0,0,133,184,0
770,10000000,0,0,133,285,0
771,10000000,0,0,133,185,0
772,10000000,0,0,133,286,0
773,10000000,0,0,133,186,0
774,10000000,0,0,133,287,0
775,10000000,0,0,133,187,0
776,10000000,0,0,133,288,0
777,10000000,0,0,133,188,0
778,10000000,0,0,133,289,0
779,10000000,0,0,133,189,0
780,10000000,0,0,133,290,0
781,10000000,0,0,133,190,0
782,10000000,0,0,133,291,0
783,10000000,0,0,133,191,0
784,10000000,0,0,133,292,0
785,10000000,0,0,133,192,0
786,10000000,0,0,133,293,0
787,10000000,0,0,133,193,0
788,10000000,0,0,133,294,0
789,10000000,0,0,133,194,0
790,10000000,0,0,133,295,0
791,10000000,0,0,133,195,0
792,10000000,0,0,133,296,0
793,10000000,0,0,133,196,0
794,10000000,0,0,133,297,0
795,10000000,0,0,133,197,0
796,10000000,0,0,133,298,0
797,10000000,0,0,133,198,0
798,10000000,0,0,133,299,0
799,10000000,0,0,133,199,0
800,10000000,0,0,200,200,0
801,10000000,0,0,200,100,0
802,10000000,0,0,200,201,0
803,10000000,0,0,200,101,0
804,10000000,0,0,200,202,0
805,10000000,0,0,200,102,0
806,10000000,0,0,200,203,0
807,10000000,0,0,200,103,0
808,10000000,0,0,200,204,0
809,10000000,0,0,200,104,0
810,10000000,0,0,200,205,0
811,10000000,0,0,200,105,0
812,10000000,0,0,200,206,0
813,10000000,0,0,200,106,0
814,10000000,0,0,200,207,0
815,10000000,0,0,200,107,0
816,10000000,0,0,200,208,0
817,10000000,0,0,200,108,0
818,10000000,0,0,200,209,0
819,10000000,0,0,200,109,0
820,10000000,0,0,200,210,0
821,10000000,0,0,200,110,0
822,10000000,0,0,200,211,0
823,10000000,0,0,200,111,0
824,10000000,0,0,200,212,0
825,10000000,0,0,200,112,0
826,10000000,0,0,200,213,0
827,10000000,0,0,200,113,0
828,10000000,0,0,200,214,0
829,10000000,0,0,200,114,0
830,10000000,0,0,200,215,0
831,10000000,0,0,200,115,0
832,10000000,0,0,200,216,0
833,10000000,0,0,200,116,0
834,10000000,0,0,200,217,0
835,10000000,0,0,200,117,0
836,10000000,0,0,200,218,0
837,10000000,0,0,200,118,0
838,10000000,0,0,200,219,0
839,10000000,0,0,200,119,0
840,10000000,0,0,200,220,0
841,10000000,0,0,200,120,0
842,10000000,0,0,200,221,0
843,10000000,0,0,200,121,0
844,10000000,0,0,200,222,0
845,10000000,0,0,200,122,0
846,10000000,0,0,200,223,0
847,10000000,0,0,200,123,0
848,10000000,0,0,200,224,0
849,10000000,0,0,200,124,0
850,10000000,0,0,200,225,0
851,10000000,0,0,200,125,0
852,10000000,0,0,200,226,0
853,10000000,0,0,200,126,0
854,10000000,0,0,200,227,0
855,10000000,0,0,200,127,0
856,10000000,0,0,200,228,0
857,10000000,0,0,200,128,0
858,10000000,0,0,200,229,0
859,10000000,0,0,200,129,0
860,10000000,0,0,200,230,0
861,10000000,0,0,200,130,0
862,10000000,0,0,200,231,0
863,10000000,0,0,200,131,0
864,10000000,0,0,200,232,0
865,10000000,0,0,200,132,0
866,10000000,0,0,200,233,0
867,10000000,0,0,200,133,0
868,10000000,0,0,200,234,0
869,10000000,0,0,200,134,0
870,10000000,0,0,200,235,0
871,10000000,0,0,200,135,0
872,10000000,0,0,200,236,0
873,10000000,0,0,200,136,0
874,10000000,0,0,200,237,0
875,10000000,0,0,200,137,0
876,10000000,0,0,200,238,0
877,10000000,0,0,200,138,0
878,10000000,0,0,200,239,0
879,10000000,0,0,200,139,0
880,10000000,0,0,200,240,0
881,10000000,0,0,200,140,0
882,10000000,0,0,200,241,0
883,10000000,0,0,200,141,0
884,10000000,0,0,200,242,0
885,10000000,0,0,200,142,0
886,10000000,0,0,200,243,0
887,10000000,0,0,200,143,0
888,10000000,0,0,200,244,0
889,10000000,0,0,200,144,0
890,10000000,0,0,200,245,0
891,10000000,0,0,200,145,0
892,10000000,0,0,200,246,0
893,10000000,0,0,200,146,0
894,10000000,0,0,200,247,0
895,10000000,0,0,200,147,0
896,10000000,0,0,200,248,0
897,10000000,0,0,200,148,0
898,10000000,0,0,200,249,0
899,10000000,0,0,200,149,0
900,10000000,0,0,200,250,0
901,10000000,0,0,200,150,0
902,10000000,0,0,200,251,0
903,10000000,0,0,200,151,0
904,10000000,0,0,200,252,0
905,10000000,0,0,200,152,0
906,10000000,0,0,200,253,0
907,10000000,0,0,200,153,0
908,10000000,0,0,200,254,0
909,10000000,0,0,200,154,0
910,10000000,0,0,200,255,0
911,10000000,0,0,200,155,0
912,10000000,0,0,200,256,0
913,10000000,0,0,200,156,0
914,10000000,0,0,200,257,0
915,10000000,0,0,200,157,0
916,10000000,0,0,200,258,0
917,10000000,0,0,200,158,0
918,10000000,0,0,200,259,0
919,10000000,0,0,200,159,0
920,10000000,0,0,200,260,0
921,10000000,0,0,200,160,0
922,10000000,0,0,200,261,0
923,10000000,0,0,200,161,0
924,10000000,0,0,200,262,0
925,10000000,0,0,200,162,0
926,10000000,0,0,200,263,0
927,10000000,0,0,200,163,0
928,10000000,0,0,200,264,0
929,10000000,0,0,200,164,0
930,10000000,0,0,200,265,0
931,10000000,0,0,200,165,0
932,10000000,0,0,200,266,0
933,10000000,0,0,200,166,0
934,10000000,0,0,200,267,0
935,10000000,0,0,200,167,0
936,10000000,0,0,200,268,0
937,10000000,0,0,200,168,0
938,10000000,0,0,200,269,0
939,10000000,0,0,200,169,0
940,10000000,0,0,200,270,0
941,10000000,0,0,200,170,0
942,10000000,0,0,200,271,0
943,10000000,0,0,200,171,0
944,10000000,0,0,200,272,0
945,10000000,0,0,200,172,0
946,10000000,0,0,200,273,0
947,10000000,0,0,200,173,0
948,10000000,0,0,200,274,0
949,10000000,0,0,200,174,0
950,10000000,0,0,200,275,0
951,10000000,0,0,200,175,0
952,10000000,0,0,200,276,0
953,10000000,0,0,200,176,0
954,10000000,0,0,200,277,0
955,10000000,0,0,200,177,0
956,10000000,0,0,200,278,0
957,10000000,0,0,200,178,0
958,10000000,0,0,200,279,0
959,10000000,0,0,200,179,0
960,10000000,0,0,200,280,0
961,10000000,0,0,200,180,0
962,10000000,0,0,200,281,0
963,10000000,0,0,200,181,0
964,10000000,0,0,200,282,0
965,10000000,0,0,200,182,0
966,10000000,0,0,200,283,0
967,10000000,0,0,200,183,0
968,10000000,0,0,200,284,0
969,10000000,0,0,200,184,0
970,10000000,0,0,200,285,0
971,10000000,0,0,200,185,0
972,10000000,0,0,200,286,0
973,10000000,0,0,200,186,0
974,10000000,0,0,200,287,0
975,10000000,0,0,200,187,0
976,10000000,0,0,200,288,0
977,10000000,0,0,200,188,0
978,10000000,0,0,200,289,0
979,10000000,0,0,200,189,0
980,10000000,0,0,200,290,0
981,10000000,0,0,200,190,0
982,10000000,0,0,200,291,0
983,10000000,0,0,200,191,0
984,10000000,0,0,200,292,0
985,10000000,0,0,200,192,0
986,10000000,0,0,200,293,0
987,10000000,0,0,200,193,0
988,10000000,0,0,200,294,0
989,10000000,0,0,200,194,0
990,10000000,0,0,200,295,0
991,10000000,0,0,200,195,0
992,10000000,0,0,200,296,0
993,10000000,0,0,200,196,0
994,10000000,0,0,200,297,0
995,10000000,0,0,200,197,0
996,10000000,0,0,200,298,0
997,10000000,0,0,200,198,0
998,10000000,0,0,200,299,0
999,10000000,0,0,200,199,0
1000,10000000,0,0,1000,200,0
1001,10000000,0,0,1000,100,0
1002,10000000,0,0,1000,201,0
1003,10000000,0,0,1000,101,0
1004,10000000,0,0,1000,202,0
1005,10000000,0,0,1000,102,0
1006,10000000,0,0,1000,203,0
1007,10000000,0,0,1000,103,0
1008,10000000,0,0,1000,204,0
1009,10000000,0,0,1000,104,0
1010,10000000,0,0,1000,205,0
1011,10000000,0,0,1000,105,0
1012,10000000,0,0,1000,206,0
1013,10000000,0,0,1000,106,0
1014,10000000,0,0,1000,207,0
1015,10000000,0,0,1000,107,0
1016,10000000,0,0,1000,208,0
1017,10000000,0,0,1000,108,0
1018,10000000,0,0,1000,209,0
1019,10000000,0,0,1000,109,0
1020,10000000,0,0,1000,210,0
1021,10000000,0,0,1000,110,0
1022,10000000,0,0,1000,211,0
1023,10000000,0,0,1000,111,0
1024,10000000,0,0,1000,212,0
1025,10000000,0,0,1000,112,0
1026,10000000,0,0,1000,213,0
1027,10000000,0,0,1000,113,0
1028,10000000,0,0,1000,214,0
1029,10000000,0,0,1000,114,0
1030,10000000,0,0,1000,215,0
1031,10000000,0,0,1000,115,0
1032,10000000,0,0,1000,216,0
1033,10000000,0,0,1000,116,0
1034,10000000,0,0,1000,217,0
1035,10000000,0,0,1000,117,0
1036,10000000,0,0,1000,218,0
1037,10000000,0,0,1000,118,0
1038,10000000,0,0,1000,219,0
1039,10000000,0,0,1000,119,0
1040,10000000,0,0,1000,220,0
1041,10000000,0,0,1000,120,0
1042,10000000,0,0,1000,221,0
1043,10000000,0,0,1000,121,0
1044,10000000,0,0,1000,222,0
1045,10000000,0,0,1000,122,0
1046,10000000,0,0,1000,223,0
1047,10000000,0,0,1000,123,0
1048,10000000,0,0,1000,224,0
1049,10000000,0,0,1000,124,0
1050,10000000,0,0,1000,225,0
1051,10000000,0,0,1000,125,0
1052,10000000,0,0,1000,226,0
1053,10000000,0,0,1000,126,0
1054,10000000,0,0,1000,227,0
1055,10000000,0,0,1000,127,0
1056,10000000,0,0,1000,228,0
1057,10000000,0,0,1000,128,0
1058,10000000,0,0,1000,229,0
1059,10000000,0,0,1000,129,0
1060,10000000,0,0,1000,230,0
1061,10000000,0,0,1000,130,0
1062,10000000,0,0,1000,231,0
1063,10000000,0,0,1000,131,0
1064,10000000,0,0,1000,232,0
1065,10000000,0,0,1000,132,0
1066,10000000,0,0,1000,233,0
1067,10000000,0,0,1000,133,0
1068,10000000,0,0,1000,234,0
1069,10000000,0,0,1000,134,0
1070,10000000,0,0,1000,235,0
1071,10000000,0,0,1000,135,0
1072,10000000,0,0,1000,236,0
1073,10000000,0,0,1000,136,0
1074,10000000,0,0,1000,237,0
1075,10000000,0,0,1000,137,0
1076,10000000,0,0,1000,238,0
1077,10000000,0,0,1000,138,0
1078,10000000,0,0,1000,239,0
1079,10000000,0,0,1000,139,0
1080,10000000,0,0,1000,240,0
1081,10000000,0,0,1000,140,0
1082,10000000,0,0,1000,241,0
1083,10000000,0,0,1000,141,0
1084,10000000,0,0,1000,242,0
1085,10000000,0,0,1000,142,0
1086,10000000,0,0,1000,243,0
1087,10000000,0,0,1000,143,0
1088,10000000,0,0,1000,244,0
1089,10000000,0,0,1000,144,0
1090,10000000,0,0,1000,245,0
1091,10000000,0,0,1000,145,0
1092,10000000,0,0,1000,246,0
1093,10000000,0,0,1000,146,0
1094,10000000,0,0,1000,247,0
1095,10000000,0,0,1000,147,0
1096,10000000,0,0,1000,248,0
1097,10000000,0,0,1000,148,0
1098,10000000,0,0,1000,249,0
1099,10000000,0,0,1000,149,0
1100,10000000,0,0,1000,250,0
1101,10000000,0,0,1000,150,0
1102,10000000,0,0,1000,251,0
1103,10000000,0,0,1000,151,0
1104,10000000,0,0,1000,252,0
1105,10000000,0,0,1000,152,0
1106,10000000,0,0,1000,253,0
1107,10000000,0,0,1000,153,0
1108,10000000,0,0,1000,254,0
1109,10000000,0,0,1000,154,0
1110,10000000,0,0,1000,255,0
1111,10000000,0,0,1000,155,0
1112,10000000,0,0,1000,256,0
1113,10000000,0,0,1000,156,0
1114,10000000,0,0,1000,257,0
1115,10000000,0,0,1000,157,0
1116,10000000,0,0,1000,258,0
1117,10000000,0,0,1000,158,0
1118,10000000,0,0,1000,259,0
1119,10000000,0,0,1000,159,0
1120,10000000,0,0,1000,260,0
1121,10000000,0,0,1000,160,0
1122,10000000,0,0,1000,261,0
1123,10000000,0,0,1000,161,0
1124,10000000,0,0,1000,262,0
1125,10000000,0,0,1000,162,0
1126,10000000,0,0,1000,263,0
1127,10000000,0,0,1000,163,0
1128,10000000,0,0,1000,264,0
1129,10000000,0,0,1000,164,0
1130,10000000,0,0,1000,265,0
1131,10000000,0,0,1000,165,0
1132,10000000,0,0,1000,266,0
1133,10000000,0,0,1000,166,0
1134,10000000,0,0,1000,267,0
1135,10000000,0,0,1000,167,0
1136,10000000,0,0,1000,268,0
1137,10000000,0,0,1000,168,0
1138,10000000,0,0,1000,269,0
1139,10000000,0,0,1000,169,0
1140,10000000,0,0,1000,270,0
1141,10000000,0,0,1000,170,0
1142,10000000,0,0,1000,271,0
1143,10000000,0,0,1000,171,0
1144,10000000,0,0,1000,272,0
1145,10000000,0,0,1000,172,0
1146,10000000,0,0,1000,273,0
1147,10000000,0,0,1000,173,0
1148,10000000,0,0,1000,274,0
1149,10000000,0,0,1000,174,0
1150,10000000,0,0,1000,275,0
1151,10000000,0,0,1000,175,0
1152,10000000,0,0,1000,276,0
1153,10000000,0,0,1000,176,0
1154,10000000,0,0,1000,277,0
1155,10000000,0,0,1000,177,0
1156,10000000,0,0,1000,278,0
1157,10000000,0,0,1000,178,0
1158,10000000,0,0,1000,279,0
1159,10000000,0,0,1000,179,0
1160,10000000,0,0,1000,280,0
1161,10000000,0,0,1000,180,0
1162,10000000,0,0,1000,281,0
1163,10000000,0,0,1000,181,0
1164,10000000,0,0,1000,282,0
1165,10000000,0,0,1000,182,0
1166,10000000,0,0,1000,283,0
1167,10000000,0,0,1000,183,0
1168,10000000,0,0,1000,284,0
1169,10000000,0,0,1000,184,0
1170,10000000,0,0,1000,285,0
1171,10000000,0,0,1000,185,0
1172,10000000,0,0,1000,286,0
1173,10000000,0,0,1000,186,0
1174,10000000,0,0,1000,287,0
1175,10000000,0,0,1000,187,0
1176,10000000,0,0,1000,288,0
1177,10000000,0,0,1000,188,0
1178,10000000,0,0,1000,289,0
1179,10000000,0,0,1000,189,0
1180,10000000,0,0,1000,290,0
1181,10000000,0,0,1000,190,0
1182,10000000,0,0,1000,291,0
1183,10000000,0,0,1000,191,0
1184,10000000,0,0,1000,292,0
1185,10000000,0,0,1000,192,0
1186,10000000,0,0,1000,293,0
1187,10000000,0,0,1000,193,0
1188,10000000,0,0,1000,294,0
1189,10000000,0,0,1000,194,0
1190,10000000,0,0,1000,295,0
1191,10000000,0,0,1000,195,0
1192,10000000,0,0,1000,296,0
1193,10000000,0,0,1000,196,0
1194,10000000,0,0,1000,297,0
1195,10000000,0,0,1000,197,0
1196,10000000,0,0,1000,298,0
1197,10000000,0,0,1000,198,0
1198,10000000,0,0,1000,299,0
1199,10000000,0,0,1000,199,0
